marker,count,rate
BACKGROUND,63162,0.41249730605207646
OBJECTIVE,6798,0.044396261779899554
METHODS,45438,0.2967457109083666
RESULTS,73936,0.48285996042345597
CONCLUSIONS,23826,0.15560243206353144
INTRODUCTION,5930,0.038727542270491966
DISCUSSION,3170,0.020702581618458605
