field,total_count,non_empty_count,missing_count,missing_rate
title,3028,3028,0,0.0
abstract,3028,2775,253,0.08355350066050198
body,3028,3028,0,0.0
journal,3028,3028,0,0.0
pub_date,3028,3028,0,0.0
pub_year,3028,3028,0,0.0
pmid,3028,2753,275,0.09081902245706737
pmcid,3028,3028,0,0.0
article_type,3028,3028,0,0.0
