marker,count,rate
BACKGROUND,1967,0.6496036988110965
OBJECTIVE,147,0.04854689564068692
METHODS,1245,0.41116248348745044
RESULTS,1946,0.642668428005284
CONCLUSIONS,1166,0.38507265521796563
INTRODUCTION,22,0.00726552179656539
DISCUSSION,79,0.02608982826948481
